season_id,player,fandom_wins,our_wins,diff
s02_real_world_road_rules_challenge,Beth Stolarczyk,3,0,-3
s02_real_world_road_rules_challenge,Mark Long,5,0,-5
s02_real_world_road_rules_challenge,Montana McGlynn,3,0,-3
s02_real_world_road_rules_challenge,Nathan Blackburn,3,0,-3
s02_real_world_road_rules_challenge,Roni Martin,5,0,-5
s03_challenge_2000,Amaya Brecher,3,0,-3
s03_challenge_2000,Dan Setzler,7,0,-7
s03_challenge_2000,David Burns,3,0,-3
s03_challenge_2000,Holly Shand,7,0,-7
s03_challenge_2000,Mike Lambert,3,0,-3
s03_challenge_2000,Piggy Thomas,7,0,-7
s03_challenge_2000,Veronica Portillo,7,0,-7
s03_challenge_2000,Yes Duffy,7,0,-7
s04_extreme_challenge,Ayanna Mackins,2,0,-2
s04_extreme_challenge,Dan Renzi,13,0,-13
s04_extreme_challenge,Emily Bailey,6,0,-6
s04_extreme_challenge,James Orlando,6,0,-6
s04_extreme_challenge,Jamie Murray,12,0,-12
s04_extreme_challenge,Julie Stoffer,13,0,-13
s04_extreme_challenge,Laterrian Wallace,5,0,-5
s04_extreme_challenge,Susie Meister,2,0,-2
s04_extreme_challenge,Syrus Yarbrough,12,0,-12
s06_battle_of_the_sexes,Aneesa Ferreira,0,1,1
s06_battle_of_the_sexes,Blair Herter,0,3,3
s06_battle_of_the_sexes,Dan Renzi,1,2,1
s06_battle_of_the_sexes,Ellen Cho,2,4,2
s06_battle_of_the_sexes,Emily Bailey,0,5,5
s06_battle_of_the_sexes,Genesis Moss,0,2,2
s06_battle_of_the_sexes,Gladys Sanabria,0,1,1
s06_battle_of_the_sexes,Jake Bronstein,0,1,1
s06_battle_of_the_sexes,Jamie Murray,3,11,8
s06_battle_of_the_sexes,Mark Long,1,0,-1
s06_battle_of_the_sexes,Puck Rainey,1,2,1
s06_battle_of_the_sexes,Ruthie Alcaide,2,3,1
s06_battle_of_the_sexes,Shane Landrum,1,3,2
s06_battle_of_the_sexes,Tonya Cooley,0,2,2
s07_the_gauntlet,Adam Larson,3,2,-1
s07_the_gauntlet,Cara Zavaleta,1,0,-1
s07_the_gauntlet,Coral Smith,0,1,1
s07_the_gauntlet,Darrell Taylor,1,0,-1
s07_the_gauntlet,Dave Giuntoli,2,1,-1
s07_the_gauntlet,David Broom,0,1,1
s07_the_gauntlet,Katie Cooley,0,2,2
s07_the_gauntlet,Matt Smith,0,1,1
s07_the_gauntlet,Montana McGlynn,0,1,1
s07_the_gauntlet,Rachel Braband,0,1,1
s07_the_gauntlet,Rachel Robinson,1,0,-1
s07_the_gauntlet,Roni Martin,2,1,-1
s07_the_gauntlet,Sarah Greyson,1,2,1
s07_the_gauntlet,Steve Meinke,0,1,1
s07_the_gauntlet,Theo von Kurnatowski,3,2,-1
s07_the_gauntlet,Tina Barta,0,1,1
s07_the_gauntlet,Tonya Cooley,0,1,1
s07_the_gauntlet,Veronica Portillo,3,2,-1
s08_the_inferno,Abram Boise,1,0,-1
s08_the_inferno,Ace Amerson,0,1,1
s08_the_inferno,CT Tamburello,3,5,2
s08_the_inferno,Christena Pyle,1,0,-1
s08_the_inferno,Coral Smith,1,2,1
s08_the_inferno,Darrell Taylor,2,1,-1
s08_the_inferno,David Burns,1,5,4
s08_the_inferno,Holly Shand,2,1,-1
s08_the_inferno,Julie Stoffer,0,1,1
s08_the_inferno,Katie Cooley,1,0,-1
s08_the_inferno,Leah Gillingwater,0,2,2
s08_the_inferno,Mallory Snyder,0,1,1
s08_the_inferno,Mike Mizanin,1,2,1
s08_the_inferno,Syrus Yarbrough,1,3,2
s08_the_inferno,Timmy Beggy,2,1,-1
s08_the_inferno,Trishelle Cannatella,0,1,1
s08_the_inferno,Veronica Portillo,5,4,-1
s09_battle_of_the_sexes_2,Aneesa Ferreira,0,1,1
s09_battle_of_the_sexes_2,Arissa Hill,2,3,1
s09_battle_of_the_sexes_2,Brad Fiorenza,0,4,4
s09_battle_of_the_sexes_2,Cameran Eubanks,0,1,1
s09_battle_of_the_sexes_2,Coral Smith,1,2,1
s09_battle_of_the_sexes_2,Dan Setzler,6,4,-2
s09_battle_of_the_sexes_2,Derrick Kosinski,0,1,1
s09_battle_of_the_sexes_2,Eric Nies,6,3,-3
s09_battle_of_the_sexes_2,Frank Roessler,2,3,1
s09_battle_of_the_sexes_2,Ibis Nieves,0,1,1
s09_battle_of_the_sexes_2,Katie Cooley,0,1,1
s09_battle_of_the_sexes_2,Mark Long,3,2,-1
s09_battle_of_the_sexes_2,Mike Mizanin,0,1,1
s09_battle_of_the_sexes_2,Nick Haggart,1,0,-1
s09_battle_of_the_sexes_2,Rachel Robinson,0,1,1
s09_battle_of_the_sexes_2,Randy Barry,2,1,-1
s09_battle_of_the_sexes_2,Ruthie Alcaide,1,2,1
s09_battle_of_the_sexes_2,Shane Landrum,4,3,-1
s09_battle_of_the_sexes_2,Shawn Sealy,1,0,-1
s09_battle_of_the_sexes_2,Sophia Pasquis,1,3,2
s09_battle_of_the_sexes_2,Steven Hill,2,0,-2
s09_battle_of_the_sexes_2,Theo von Kurnatowski,4,0,-4
s09_battle_of_the_sexes_2,Tina Barta,1,0,-1
s09_battle_of_the_sexes_2,Veronica Portillo,1,0,-1
s10_the_inferno_ii,Darrell Taylor,2,1,-1
s10_the_inferno_ii,Landon Lueck,4,3,-1
s10_the_inferno_ii,Mike Mizanin,4,3,-1
s11_the_gauntlet_2,Ace Amerson,3,1,-2
s11_the_gauntlet_2,Adam King,2,1,-1
s11_the_gauntlet_2,Alton Williams,11,3,-8
s11_the_gauntlet_2,Aneesa Ferreira,6,1,-5
s11_the_gauntlet_2,Beth Stolarczyk,5,3,-2
s11_the_gauntlet_2,Brad Fiorenza,5,1,-4
s11_the_gauntlet_2,Cara Zavaleta,6,1,-5
s11_the_gauntlet_2,David Burns,6,0,-6
s11_the_gauntlet_2,Derrick Kosinski,6,5,-1
s11_the_gauntlet_2,Ibis Nieves,10,0,-10
s11_the_gauntlet_2,Jamie Murray,10,0,-10
s11_the_gauntlet_2,Jeremy Blossom,6,1,-5
s11_the_gauntlet_2,Jillian Zoboroski,8,1,-7
s11_the_gauntlet_2,Jisela Delgado,2,1,-1
s11_the_gauntlet_2,Jodi Weatherton,10,0,-10
s11_the_gauntlet_2,Julie Stoffer,6,0,-6
s11_the_gauntlet_2,Katie Cooley,6,0,-6
s11_the_gauntlet_2,Kina Dean,10,3,-7
s11_the_gauntlet_2,Landon Lueck,10,0,-10
s11_the_gauntlet_2,MJ Garrett,10,0,-10
s11_the_gauntlet_2,Mark Long,6,0,-6
s11_the_gauntlet_2,Montana McGlynn,3,1,-2
s11_the_gauntlet_2,Randy Barry,10,0,-10
s11_the_gauntlet_2,Robin Hibbard,6,0,-6
s11_the_gauntlet_2,Ruthie Alcaide,4,2,-2
s11_the_gauntlet_2,Susie Meister,10,0,-10
s11_the_gauntlet_2,Syrus Yarbrough,3,1,-2
s11_the_gauntlet_2,Timmy Beggy,6,1,-5
s12_fresh_meat,Aviv Melmed,3,1,-2
s12_fresh_meat,Chanda Sneed,2,0,-2
s12_fresh_meat,Coral Smith,5,0,-5
s12_fresh_meat,Darrell Taylor,3,1,-2
s12_fresh_meat,Derrick Kosinski,3,0,-3
s12_fresh_meat,Diem Brown,3,0,-3
s12_fresh_meat,Evan Starkman,5,0,-5
s12_fresh_meat,Linette Gallo,2,0,-2
s12_fresh_meat,Shane Landrum,2,0,-2
s12_fresh_meat,Theo von Kurnatowski,2,0,-2
s13_the_duel,Aneesa Ferreira,0,1,1
s13_the_duel,Brad Fiorenza,1,2,1
s13_the_duel,CT Tamburello,3,4,1
s13_the_duel,Jodi Weatherton,8,7,-1
s13_the_duel,Svetlana Shusterman,2,3,1
s13_the_duel,Wes Bergmann,3,2,-1
s14_the_inferno_3,Abram Boise,3,2,-1
s14_the_inferno_3,Alton Williams,0,1,1
s14_the_inferno_3,Derrick Kosinski,1,0,-1
s14_the_inferno_3,Evelyn Smith,2,1,-1
s14_the_inferno_3,Janelle Casanave,2,1,-1
s14_the_inferno_3,Kenny Santucci,3,2,-1
s14_the_inferno_3,Rachel Moyal,0,1,1
s14_the_inferno_3,Tonya Cooley,2,1,-1
s15_the_gauntlet_iii,Adam King,11,2,-9
s15_the_gauntlet_iii,Beth Stolarczyk,7,0,-7
s15_the_gauntlet_iii,Big Easy Banks,11,1,-10
s15_the_gauntlet_iii,Brad Fiorenza,11,0,-11
s15_the_gauntlet_iii,Brooke LaBarbera,0,1,1
s15_the_gauntlet_iii,CT Tamburello,11,0,-11
s15_the_gauntlet_iii,Casey Cooper,10,1,-9
s15_the_gauntlet_iii,Coral Smith,10,1,-9
s15_the_gauntlet_iii,Danny Jamieson,11,0,-11
s15_the_gauntlet_iii,Derek McCray,2,1,-1
s15_the_gauntlet_iii,Diem Brown,11,1,-10
s15_the_gauntlet_iii,Evan Starkman,11,1,-10
s15_the_gauntlet_iii,Evelyn Smith,11,1,-10
s15_the_gauntlet_iii,Frank Roessler,6,3,-3
s15_the_gauntlet_iii,Jillian Zoboroski,6,2,-4
s15_the_gauntlet_iii,Johanna Botta,6,1,-5
s15_the_gauntlet_iii,Johnny Bananas,5,0,-5
s15_the_gauntlet_iii,Katie Cooley,11,1,-10
s15_the_gauntlet_iii,Kenny Santucci,11,0,-11
s15_the_gauntlet_iii,Melinda Collins,2,1,-1
s15_the_gauntlet_iii,Nehemiah Clark,6,1,-5
s15_the_gauntlet_iii,Paula Meronek,11,1,-10
s15_the_gauntlet_iii,Rachel Moyal,6,1,-5
s15_the_gauntlet_iii,Robin Hibbard,11,0,-11
s15_the_gauntlet_iii,Tori Hall,6,1,-5
s15_the_gauntlet_iii,Tyler Duckworth,0,1,1
s15_the_gauntlet_iii,Tyri Ballard-Brown,0,1,1
s15_the_gauntlet_iii,Zach Mann,1,0,-1
s16_the_island,Abram Boise,1,0,-1
s16_the_island,Jenn Grijalva,0,1,1
s16_the_island,Johanna Botta,0,1,1
s16_the_island,Rachel Robinson,0,1,1
s16_the_island,Robin Hibbard,0,1,1
s16_the_island,Tonya Cooley,0,1,1
s16_the_island,Tyri Ballard-Brown,0,1,1
s17_the_duel_ii,Aneesa Ferreira,0,3,3
s17_the_duel_ii,Big Easy Banks,0,1,1
s17_the_duel_ii,Brad Fiorenza,0,2,2
s17_the_duel_ii,Brittini Sherrod,3,2,-1
s17_the_duel_ii,Brooke LaBarbera,0,1,1
s17_the_duel_ii,Davis Mallory,0,1,1
s17_the_duel_ii,Derek McCray,0,2,2
s17_the_duel_ii,Diem Brown,0,1,1
s17_the_duel_ii,Dunbar Merrill,0,1,1
s17_the_duel_ii,Isaac Stout,0,1,1
s17_the_duel_ii,Jenn Grijalva,0,3,3
s17_the_duel_ii,Katie Cooley,0,1,1
s17_the_duel_ii,Kimberly Alexander,0,3,3
s17_the_duel_ii,Landon Lueck,5,1,-4
s17_the_duel_ii,MJ Garrett,0,3,3
s17_the_duel_ii,Mark Long,2,0,-2
s17_the_duel_ii,Nehemiah Clark,0,1,1
s17_the_duel_ii,Nick Brown,0,1,1
s17_the_duel_ii,Paula Meronek,0,1,1
s17_the_duel_ii,Rachel Robinson,5,0,-5
s17_the_duel_ii,Ryan Kehoe,0,2,2
s17_the_duel_ii,Shauvon Torres,0,1,1
s17_the_duel_ii,Tori Hall,0,1,1
s18_the_ruins,Casey Cooper,0,2,2
s18_the_ruins,Darrell Taylor,0,1,1
s18_the_ruins,Derrick Kosinski,1,3,2
s18_the_ruins,Evan Starkman,1,2,1
s18_the_ruins,Ibis Nieves,0,1,1
s18_the_ruins,Johanna Botta,0,2,2
s18_the_ruins,Johnny Bananas,1,4,3
s18_the_ruins,Katie Cooley,0,2,2
s18_the_ruins,Kenny Santucci,1,5,4
s18_the_ruins,Susie Meister,1,8,7
s18_the_ruins,Syrus Yarbrough,0,1,1
s18_the_ruins,Tonya Cooley,0,1,1
s18_the_ruins,Veronica Portillo,0,2,2
s19_fresh_meat_ii,Brandon Nelson,0,1,1
s19_fresh_meat_ii,CJ Koegel,0,2,2
s19_fresh_meat_ii,Cara Maria Sorbello,0,1,1
s19_fresh_meat_ii,Carley Johnson,3,2,-1
s19_fresh_meat_ii,Danny Jamieson,0,1,1
s19_fresh_meat_ii,Darrell Taylor,0,1,1
s19_fresh_meat_ii,Evelyn Smith,0,3,3
s19_fresh_meat_ii,Jeff Barr,0,1,1
s19_fresh_meat_ii,Jillian Zoboroski,1,2,1
s19_fresh_meat_ii,Katelynn Cusanelli,0,1,1
s19_fresh_meat_ii,Kenny Santucci,5,1,-4
s19_fresh_meat_ii,Landon Lueck,3,2,-1
s19_fresh_meat_ii,Laurel Stucky,5,1,-4
s19_fresh_meat_ii,Luke Wolfe,0,3,3
s19_fresh_meat_ii,Mandi Moyer,0,1,1
s19_fresh_meat_ii,Paula Meronek,0,1,1
s19_fresh_meat_ii,Pete Connolly,1,2,1
s19_fresh_meat_ii,Ryan Kehoe,0,1,1
s19_fresh_meat_ii,Sandy Kang,0,1,1
s19_fresh_meat_ii,Sarah Rice,0,1,1
s19_fresh_meat_ii,Sydney Walker,0,2,2
s19_fresh_meat_ii,Theresa Jones,0,1,1
s19_fresh_meat_ii,Vinny Foti,0,1,1
s19_fresh_meat_ii,Wes Bergmann,0,1,1
s20_cutthroat,Abram Boise,5,0,-5
s20_cutthroat,Big Easy Banks,1,2,1
s20_cutthroat,Brad Fiorenza,3,0,-3
s20_cutthroat,Brandon Nelson,2,3,1
s20_cutthroat,Camila Nakagawa,2,0,-2
s20_cutthroat,Cara Maria Sorbello,5,1,-4
s20_cutthroat,Chet Cannon,2,0,-2
s20_cutthroat,Dan Walsh,3,1,-2
s20_cutthroat,Derek Chavez,0,1,1
s20_cutthroat,Dunbar Merrill,3,1,-2
s20_cutthroat,Emilee Fitzpatrick,0,1,1
s20_cutthroat,Jenn Grijalva,2,0,-2
s20_cutthroat,Johnny Bananas,2,1,-1
s20_cutthroat,Katie Cooley,1,3,2
s20_cutthroat,Laurel Stucky,5,1,-4
s20_cutthroat,Luke Wolfe,5,0,-5
s20_cutthroat,Melinda Collins,2,1,-1
s20_cutthroat,Paula Meronek,2,0,-2
s20_cutthroat,Sarah Rice,5,0,-5
s20_cutthroat,Shauvon Torres,1,0,-1
s20_cutthroat,Theresa Jones,0,1,1
s20_cutthroat,Tori Hall,3,1,-2
s20_cutthroat,Tyler Duckworth,3,1,-2
s21_rivals,Adam Royer,0,1,1
s21_rivals,Evelyn Smith,5,4,-1
s21_rivals,Johnny Bananas,4,3,-1
s21_rivals,Kenny Santucci,1,2,1
s21_rivals,Paula Meronek,5,4,-1
s21_rivals,Tyler Duckworth,4,3,-1
s21_rivals,Wes Bergmann,1,2,1
s22_battle_of_the_exes,Abram Boise,0,1,1
s22_battle_of_the_exes,Aneesa Ferreira,0,2,2
s22_battle_of_the_exes,CT Tamburello,2,0,-2
s22_battle_of_the_exes,Camila Nakagawa,4,1,-3
s22_battle_of_the_exes,Cara Maria Sorbello,0,1,1
s22_battle_of_the_exes,Diem Brown,2,0,-2
s22_battle_of_the_exes,Dunbar Merrill,1,2,1
s22_battle_of_the_exes,Emily Schromm,0,3,3
s22_battle_of_the_exes,Jasmine Reynaud,0,1,1
s22_battle_of_the_exes,Johnny Bananas,4,1,-3
s22_battle_of_the_exes,Leroy Garrett,0,2,2
s22_battle_of_the_exes,Mandi Moyer,0,2,2
s22_battle_of_the_exes,Naomi Defensor,0,2,2
s22_battle_of_the_exes,Nate Stodghill,0,1,1
s22_battle_of_the_exes,Paula Meronek,1,2,1
s22_battle_of_the_exes,Priscilla Mendez,0,1,1
s22_battle_of_the_exes,Rachel Robinson,0,2,2
s22_battle_of_the_exes,Ty Ruff,0,3,3
s22_battle_of_the_exes,Tyri Ballard-Brown,0,1,1
s22_battle_of_the_exes,Wes Bergmann,0,2,2
s23_battle_of_the_seasons_2012,Ashley Kelsey,5,1,-4
s23_battle_of_the_seasons_2012,Big Easy Banks,0,3,3
s23_battle_of_the_seasons_2012,Brandon Nelson,0,1,1
s23_battle_of_the_seasons_2012,CJ Koegel,2,1,-1
s23_battle_of_the_seasons_2012,Camila Nakagawa,0,2,2
s23_battle_of_the_seasons_2012,Cara Maria Sorbello,0,2,2
s23_battle_of_the_seasons_2012,Coral Smith,2,0,-2
s23_battle_of_the_seasons_2012,Dan Setzler,1,0,-1
s23_battle_of_the_seasons_2012,Danny Jamieson,0,1,1
s23_battle_of_the_seasons_2012,Danny Roberts,2,0,-2
s23_battle_of_the_seasons_2012,Derek Chavez,2,1,-1
s23_battle_of_the_seasons_2012,Devyn Simone,2,1,-1
s23_battle_of_the_seasons_2012,Elka Walker,3,0,-3
s23_battle_of_the_seasons_2012,Emily Bailey,2,0,-2
s23_battle_of_the_seasons_2012,Frank Fox,5,1,-4
s23_battle_of_the_seasons_2012,Holly Brentson,3,0,-3
s23_battle_of_the_seasons_2012,JD Ordoñez,2,1,-1
s23_battle_of_the_seasons_2012,Jasmine Reynaud,2,1,-1
s23_battle_of_the_seasons_2012,Jonna Mannion,2,1,-1
s23_battle_of_the_seasons_2012,Kelley Limp,2,0,-2
s23_battle_of_the_seasons_2012,Lacey Buehler,0,1,1
s23_battle_of_the_seasons_2012,Laura Waller,0,1,1
s23_battle_of_the_seasons_2012,Lindsay Brien,1,0,-1
s23_battle_of_the_seasons_2012,Marie Roda,0,2,2
s23_battle_of_the_seasons_2012,McKenzie Coburn,0,1,1
s23_battle_of_the_seasons_2012,Melinda Collins,0,1,1
s23_battle_of_the_seasons_2012,Mike Mizanin,2,0,-2
s23_battle_of_the_seasons_2012,Nany González,1,2,1
s23_battle_of_the_seasons_2012,Preston Roberson-Charles,0,1,1
s23_battle_of_the_seasons_2012,Robb Schreiber,0,2,2
s23_battle_of_the_seasons_2012,Sam McGinn,5,2,-3
s23_battle_of_the_seasons_2012,Sean Duffy,3,0,-3
s23_battle_of_the_seasons_2012,Stephen Williams,1,0,-1
s23_battle_of_the_seasons_2012,Tara McDaniel,1,0,-1
s23_battle_of_the_seasons_2012,Theo von Kurnatowski,3,0,-3
s23_battle_of_the_seasons_2012,Timmy Beggy,2,0,-2
s23_battle_of_the_seasons_2012,Trey Weatherholtz,0,1,1
s23_battle_of_the_seasons_2012,Trishelle Cannatella,2,1,-1
s23_battle_of_the_seasons_2012,Wes Bergmann,0,1,1
s23_battle_of_the_seasons_2012,Zach Nichols,5,2,-3
s24_rivals_ii,Aneesa Ferreira,1,2,1
s24_rivals_ii,CT Tamburello,5,3,-2
s24_rivals_ii,Diem Brown,1,2,1
s24_rivals_ii,Emily Schromm,8,6,-2
s24_rivals_ii,Paula Meronek,8,6,-2
s24_rivals_ii,Wes Bergmann,5,3,-2
s25_free_agents,Brandon Nelson,1,0,-1
s25_free_agents,Brandon Swift,3,1,-2
s25_free_agents,CT Tamburello,4,1,-3
s25_free_agents,Cara Maria Sorbello,2,3,1
s25_free_agents,Chet Cannon,0,1,1
s25_free_agents,Devyn Simone,4,0,-4
s25_free_agents,Emilee Fitzpatrick,0,1,1
s25_free_agents,Frank Fox,0,2,2
s25_free_agents,Isaac Stout,0,1,1
s25_free_agents,Jemmye Carroll,0,1,1
s25_free_agents,Jessica McCain,5,1,-4
s25_free_agents,Johnny Bananas,7,1,-6
s25_free_agents,Johnny Reilly,4,0,-4
s25_free_agents,Jordan Wiseley,3,2,-1
s25_free_agents,LaToya Jackson,0,1,1
s25_free_agents,Laurel Stucky,7,3,-4
s25_free_agents,Nany González,5,0,-5
s25_free_agents,Nia Moore,1,0,-1
s25_free_agents,Preston Roberson-Charles,2,1,-1
s25_free_agents,Theresa Jones,3,1,-2
s25_free_agents,Zach Nichols,4,1,-3
s26_battle_of_the_exes_ii,Adam Kuhn,0,4,4
s26_battle_of_the_exes_ii,Averey Tressler,0,3,3
s26_battle_of_the_exes_ii,Brittany Baldi,0,4,4
s26_battle_of_the_exes_ii,Dustin Zito,0,1,1
s26_battle_of_the_exes_ii,Hailey Chivers,0,1,1
s26_battle_of_the_exes_ii,Jemmye Carroll,0,1,1
s26_battle_of_the_exes_ii,Jenna Compono,1,0,-1
s26_battle_of_the_exes_ii,Jessica McCain,0,1,1
s26_battle_of_the_exes_ii,John Jacobs,0,1,1
s26_battle_of_the_exes_ii,Johnny Bananas,1,2,1
s26_battle_of_the_exes_ii,Johnny Reilly,0,3,3
s26_battle_of_the_exes_ii,Jordan Wiseley,4,1,-3
s26_battle_of_the_exes_ii,Leroy Garrett,1,4,3
s26_battle_of_the_exes_ii,Nany González,1,2,1
s26_battle_of_the_exes_ii,Nia Moore,1,4,3
s26_battle_of_the_exes_ii,Ryan Knight,0,1,1
s26_battle_of_the_exes_ii,Sarah Rice,4,1,-3
s26_battle_of_the_exes_ii,Simone Kelly,0,1,1
s26_battle_of_the_exes_ii,Theresa Jones,3,1,-2
s26_battle_of_the_exes_ii,Thomas Buell,0,1,1
s26_battle_of_the_exes_ii,Wes Bergmann,3,1,-2
s27_battle_of_the_bloodlines,Abram Boise,4,0,-4
s27_battle_of_the_bloodlines,Aneesa Ferreira,0,1,1
s27_battle_of_the_bloodlines,Anthony Cuomo,4,0,-4
s27_battle_of_the_bloodlines,Brianna Julig,6,1,-5
s27_battle_of_the_bloodlines,Cara Maria Sorbello,8,2,-6
s27_battle_of_the_bloodlines,Cohutta Grindstaff,1,2,1
s27_battle_of_the_bloodlines,Cory Wharton,8,2,-6
s27_battle_of_the_bloodlines,Dario Medrano,1,0,-1
s27_battle_of_the_bloodlines,Jamie Banks,2,3,1
s27_battle_of_the_bloodlines,Jenna Compono,0,3,3
s27_battle_of_the_bloodlines,Jill Tuttle,1,2,1
s27_battle_of_the_bloodlines,Johnny Bananas,6,0,-6
s27_battle_of_the_bloodlines,KellyAnne Judd,0,2,2
s27_battle_of_the_bloodlines,Larissa Nakagawa,0,1,1
s27_battle_of_the_bloodlines,Mike Boise,0,2,2
s27_battle_of_the_bloodlines,Mitch Reid,2,3,1
s27_battle_of_the_bloodlines,Nany González,0,1,1
s27_battle_of_the_bloodlines,Nicole Ramos,2,0,-2
s27_battle_of_the_bloodlines,Raphy Medrano,0,1,1
s27_battle_of_the_bloodlines,Rianna Polin,6,1,-5
s27_battle_of_the_bloodlines,Stephen Buell,0,1,1
s27_battle_of_the_bloodlines,Thomas Buell,3,0,-3
s27_battle_of_the_bloodlines,Tony Raines,1,0,-1
s28_rivals_iii,Amanda Garcia,0,2,2
s28_rivals_iii,Brandon Tindel,0,1,1
s28_rivals_iii,Briana LaCuesta,0,1,1
s28_rivals_iii,Camila Nakagawa,0,1,1
s28_rivals_iii,Cheyenne Floyd,0,3,3
s28_rivals_iii,Christina LeBlanc,1,2,1
s28_rivals_iii,Devin Walker,0,3,3
s28_rivals_iii,Jamie Banks,0,1,1
s28_rivals_iii,Jenna Compono,1,0,-1
s28_rivals_iii,Jessica McCain,0,2,2
s28_rivals_iii,Johnny Bananas,5,0,-5
s28_rivals_iii,Johnny Reilly,0,2,2
s28_rivals_iii,KellyAnne Judd,0,1,1
s28_rivals_iii,Nany González,0,2,2
s28_rivals_iii,Nate Siebenmark,1,2,1
s28_rivals_iii,Nelson Thomas,0,2,2
s28_rivals_iii,Sarah Rice,5,0,-5
s28_rivals_iii,Tony Raines,0,1,1
s28_rivals_iii,Vince Gliatta,1,0,-1
s28_rivals_iii,Wes Bergmann,0,2,2
s29_invasion_of_the_champions,Ashley Mitchell,5,1,-4
s29_invasion_of_the_champions,CT Tamburello,4,2,-2
s29_invasion_of_the_champions,Camila Nakagawa,1,0,-1
s29_invasion_of_the_champions,Cara Maria Sorbello,0,2,2
s29_invasion_of_the_champions,Cory Wharton,0,1,1
s29_invasion_of_the_champions,Dario Medrano,2,0,-2
s29_invasion_of_the_champions,Darrell Taylor,0,3,3
s29_invasion_of_the_champions,Hunter Barfield,2,1,-1
s29_invasion_of_the_champions,Jenna Compono,0,2,2
s29_invasion_of_the_champions,Kailah Casillas-Bird,0,2,2
s29_invasion_of_the_champions,LaToya Jackson,0,1,1
s29_invasion_of_the_champions,Laurel Stucky,1,2,1
s29_invasion_of_the_champions,Marie Roda,0,1,1
s29_invasion_of_the_champions,Nelson Thomas,0,2,2
s29_invasion_of_the_champions,Nicole Zanatta,2,1,-1
s29_invasion_of_the_champions,Sylvia Elsrode,0,3,3
s29_invasion_of_the_champions,Theo King-Bradley,0,1,1
s29_invasion_of_the_champions,Tony Raines,0,1,1
s29_invasion_of_the_champions,Zach Nichols,0,1,1
s30_xxx_dirty_30,Ammo Hall,1,0,-1
s30_xxx_dirty_30,Aneesa Ferreira,2,3,1
s30_xxx_dirty_30,Briana LaCuesta,0,1,1
s30_xxx_dirty_30,Britni Thornton,2,0,-2
s30_xxx_dirty_30,CT Tamburello,6,0,-6
s30_xxx_dirty_30,Camila Nakagawa,9,3,-6
s30_xxx_dirty_30,Cara Maria Sorbello,6,0,-6
s30_xxx_dirty_30,Cory Wharton,2,1,-1
s30_xxx_dirty_30,Dario Medrano,2,1,-1
s30_xxx_dirty_30,Derrick Henry,1,0,-1
s30_xxx_dirty_30,Derrick Kosinski,3,2,-1
s30_xxx_dirty_30,Devin Walker,0,1,1
s30_xxx_dirty_30,Hunter Barfield,4,2,-2
s30_xxx_dirty_30,Jemmye Carroll,0,2,2
s30_xxx_dirty_30,Jordan Wiseley,5,4,-1
s30_xxx_dirty_30,Kailah Casillas-Bird,3,1,-2
s30_xxx_dirty_30,Leroy Garrett,3,0,-3
s30_xxx_dirty_30,Marie Roda,2,1,-1
s30_xxx_dirty_30,Nelson Thomas,3,2,-1
s30_xxx_dirty_30,Simone Kelly,0,1,1
s30_xxx_dirty_30,Tony Raines,2,3,1
s30_xxx_dirty_30,Tori Deal,4,2,-2
s30_xxx_dirty_30,Veronica Portillo,4,0,-4
s31_vendettas,Brad Fiorenza,3,2,-1
s31_vendettas,Britni Thornton,1,2,1
s31_vendettas,Cara Maria Sorbello,3,1,-2
s31_vendettas,Devin Walker,2,1,-1
s31_vendettas,Jemmye Carroll,2,0,-2
s31_vendettas,Johnny Bananas,4,3,-1
s31_vendettas,Joss Mooney,1,0,-1
s31_vendettas,Kailah Casillas-Bird,3,2,-1
s31_vendettas,Natalie Negrotti,5,3,-2
s31_vendettas,Nelson Thomas,1,0,-1
s31_vendettas,Nicole Zanatta,5,1,-4
s31_vendettas,Tony Raines,7,5,-2
s31_vendettas,Zach Nichols,6,0,-6
s32_final_reckoning,Amanda Garcia,3,1,-2
s32_final_reckoning,Angela Babicz,0,1,1
s32_final_reckoning,Ashley Mitchell,2,0,-2
s32_final_reckoning,Brad Fiorenza,2,1,-1
s32_final_reckoning,Cara Maria Sorbello,0,1,1
s32_final_reckoning,Da'Vonne Rogers,0,2,2
s32_final_reckoning,Derrick Henry,0,1,1
s32_final_reckoning,Faith Stowers,0,1,1
s32_final_reckoning,Hunter Barfield,2,0,-2
s32_final_reckoning,Jozea Flores,0,2,2
s32_final_reckoning,Kam Williams,1,2,1
s32_final_reckoning,Kayleigh Morris,1,2,1
s32_final_reckoning,Kyle Christie,2,1,-1
s32_final_reckoning,Marie Roda,0,1,1
s32_final_reckoning,Nelson Thomas,0,2,2
s32_final_reckoning,Shane Landrum,0,2,2
s32_final_reckoning,Tori Deal,0,1,1
s32_final_reckoning,Zach Nichols,3,1,-2
s33_war_of_the_worlds,Ashley Cain,1,0,-1
s33_war_of_the_worlds,Cara Maria Sorbello,5,1,-4
s33_war_of_the_worlds,Da'Vonne Rogers,3,1,-2
s33_war_of_the_worlds,Georgia Harrison,4,2,-2
s33_war_of_the_worlds,Hunter Barfield,3,1,-2
s33_war_of_the_worlds,Kam Williams,1,0,-1
s33_war_of_the_worlds,Kyle Christie,2,3,1
s33_war_of_the_worlds,Natalie Duran,4,3,-1
s33_war_of_the_worlds,Paulie Calafiore,7,6,-1
s33_war_of_the_worlds,Stephen Bear,1,0,-1
s33_war_of_the_worlds,Theo Campbell,5,1,-4
s33_war_of_the_worlds,Turbo Çamkıran,7,3,-4
s33_war_of_the_worlds,Wes Bergmann,6,5,-1
s34_war_of_the_worlds_2,CT Tamburello,2,1,-1
s34_war_of_the_worlds_2,Dee Nguyen,2,1,-1
s34_war_of_the_worlds_2,Idris Virgo,1,0,-1
s34_war_of_the_worlds_2,Jordan Wiseley,3,2,-1
s34_war_of_the_worlds_2,Kayleigh Morris,1,0,-1
s34_war_of_the_worlds_2,Kyle Christie,0,1,1
s34_war_of_the_worlds_2,Nany González,2,1,-1
s34_war_of_the_worlds_2,Natalie Duran,3,1,-2
s34_war_of_the_worlds_2,Paulie Calafiore,4,1,-3
s34_war_of_the_worlds_2,Rogan O'Connor,2,1,-1
s34_war_of_the_worlds_2,Theo Campbell,0,1,1
s34_war_of_the_worlds_2,Tori Deal,2,1,-1
s34_war_of_the_worlds_2,Wes Bergmann,1,0,-1
s34_war_of_the_worlds_2,Zach Nichols,4,0,-4
s35_total_madness,Ashley Mitchell,0,1,1
s35_total_madness,CT Tamburello,0,1,1
s35_total_madness,Cory Wharton,3,4,1
s35_total_madness,Faysal Shafaat,2,3,1
s35_total_madness,Jay Starrett,0,1,1
s35_total_madness,Jenn Lee,0,1,1
s35_total_madness,Jenna Compono,0,1,1
s35_total_madness,Johnny Bananas,4,5,1
s35_total_madness,Jordan Wiseley,2,3,1
s35_total_madness,Josh Martinez,3,4,1
s35_total_madness,Kailah Casillas-Bird,0,1,1
s35_total_madness,Kaycee Clark,3,5,2
s35_total_madness,Kyle Christie,0,2,2
s35_total_madness,Mattie Lynn Breaux,1,2,1
s35_total_madness,Melissa Reeves,1,3,2
s35_total_madness,Nany González,2,4,2
s35_total_madness,Nelson Thomas,0,1,1
s35_total_madness,Rogan O'Connor,2,3,1
s35_total_madness,Wes Bergmann,2,3,1
s36_double_agents,Amber Borzotra,2,4,2
s36_double_agents,Amber Martinez,0,3,3
s36_double_agents,Aneesa Ferreira,3,4,1
s36_double_agents,Ashley Mitchell,0,2,2
s36_double_agents,Big T Fazakerley,2,4,2
s36_double_agents,CT Tamburello,2,4,2
s36_double_agents,Cory Wharton,1,5,4
s36_double_agents,Darrell Taylor,1,2,1
s36_double_agents,Devin Walker,2,4,2
s36_double_agents,Faysal Shafaat,2,3,1
s36_double_agents,Gabby Allen,1,3,2
s36_double_agents,Jay Starrett,1,2,1
s36_double_agents,Joseph Allen,0,1,1
s36_double_agents,Kyle Christie,2,3,1
s36_double_agents,Leroy Garrett,4,6,2
s36_double_agents,Mechie Harris,0,1,1
s36_double_agents,Nelson Thomas,0,1,1
s36_double_agents,Nicole Zanatta,0,1,1
s36_double_agents,Theresa Jones,1,3,2
s37_spies_lies_allies,Amanda Garcia,1,2,1
s37_spies_lies_allies,Amber Borzotra,0,2,2
s37_spies_lies_allies,Ashley Mitchell,0,1,1
s37_spies_lies_allies,Berna Canbeldek,1,2,1
s37_spies_lies_allies,Bettina Buchanan,0,2,2
s37_spies_lies_allies,Big T Fazakerley,0,2,2
s37_spies_lies_allies,CT Tamburello,7,0,-7
s37_spies_lies_allies,Corey Lay,0,3,3
s37_spies_lies_allies,Cory Wharton,0,2,2
s37_spies_lies_allies,Devin Walker,5,1,-4
s37_spies_lies_allies,Ed Eason,1,2,1
s37_spies_lies_allies,Emanuel Neagu,6,2,-4
s37_spies_lies_allies,Esther Agunbiade,2,1,-1
s37_spies_lies_allies,Faysal Shafaat,2,1,-1
s37_spies_lies_allies,Gabo Szabó,0,1,1
s37_spies_lies_allies,Hughie Maughan,0,2,2
s37_spies_lies_allies,Jeremiah White,0,3,3
s37_spies_lies_allies,Josh Martinez,4,1,-3
s37_spies_lies_allies,Kaycee Clark,8,0,-8
s37_spies_lies_allies,Kelz Dyke,0,1,1
s37_spies_lies_allies,Kyle Christie,1,2,1
s37_spies_lies_allies,Logan Sampedro,4,3,-1
s37_spies_lies_allies,Michaela Bradshaw,0,1,1
s37_spies_lies_allies,Michele Fitzgerald,0,2,2
s37_spies_lies_allies,Nany González,6,0,-6
s37_spies_lies_allies,Priscilla Anyabu,0,2,2
s37_spies_lies_allies,Renan Hellemans,0,1,1
s37_spies_lies_allies,Tacha Akide,0,1,1
s37_spies_lies_allies,Tori Deal,5,1,-4
s37_spies_lies_allies,Tracy Candela,0,1,1
s38_ride_or_dies,Amber Borzotra,1,3,2
s38_ride_or_dies,Analyse Talavera,0,2,2
s38_ride_or_dies,Aneesa Ferreira,5,1,-4
s38_ride_or_dies,Chauncey Palmer,4,3,-1
s38_ride_or_dies,Colleen Schneider,0,1,1
s38_ride_or_dies,Darrell Taylor,0,1,1
s38_ride_or_dies,Devin Walker,3,2,-1
s38_ride_or_dies,Faysal Shafaat,6,2,-4
s38_ride_or_dies,Horacio Gutiérrez Jr.,1,5,4
s38_ride_or_dies,Jakk Maddox,0,1,1
s38_ride_or_dies,Johnny Bananas,6,2,-4
s38_ride_or_dies,Jordan Wiseley,2,1,-1
s38_ride_or_dies,Kailah Casillas-Bird,0,1,1
s38_ride_or_dies,Kaycee Clark,4,0,-4
s38_ride_or_dies,Kim Tränka,0,1,1
s38_ride_or_dies,Laurel Stucky,0,1,1
s38_ride_or_dies,Nany González,3,2,-1
s38_ride_or_dies,Nelson Thomas,4,1,-3
s38_ride_or_dies,Olivia Kaiser,4,3,-1
s38_ride_or_dies,Sam Bird,0,1,1
s38_ride_or_dies,Tamara Alfaro,0,1,1
s38_ride_or_dies,Tommy Bracco,0,2,2
s38_ride_or_dies,Tori Deal,6,0,-6
s38_ride_or_dies,Turbo Çamkıran,0,1,1
s38_ride_or_dies,Veronica Portillo,0,1,1
s39_battle_for_a_new_champion,Asaf Goren,1,2,1
s39_battle_for_a_new_champion,Berna Canbeldek,5,0,-5
s39_battle_for_a_new_champion,Big T Fazakerley,1,3,2
s39_battle_for_a_new_champion,CT Tamburello,0,1,1
s39_battle_for_a_new_champion,Chauncey Palmer,0,1,1
s39_battle_for_a_new_champion,Colleen Schneider,3,1,-2
s39_battle_for_a_new_champion,Corey Lay,4,2,-2
s39_battle_for_a_new_champion,Ed Eason,3,0,-3
s39_battle_for_a_new_champion,Emanuel Neagu,8,1,-7
s39_battle_for_a_new_champion,Horacio Gutiérrez Jr.,4,2,-2
s39_battle_for_a_new_champion,Hughie Maughan,0,1,1
s39_battle_for_a_new_champion,James Lock,3,2,-1
s39_battle_for_a_new_champion,Jay Starrett,3,0,-3
s39_battle_for_a_new_champion,Jessica Brody,0,1,1
s39_battle_for_a_new_champion,Jujuy Jiménez,0,1,1
s39_battle_for_a_new_champion,Kyland Young,3,5,2
s39_battle_for_a_new_champion,Melissa Reeves,0,3,3
s39_battle_for_a_new_champion,Michele Fitzgerald,1,0,-1
s39_battle_for_a_new_champion,Moriah Jade,4,0,-4
s39_battle_for_a_new_champion,Nurys Mateo,1,2,1
s39_battle_for_a_new_champion,Ravyn Rochelle,3,5,2
s39_battle_for_a_new_champion,Zara Zoffany,4,3,-1
s40_battle_of_the_eras,Aneesa Ferreira,0,2,2
s40_battle_of_the_eras,Averey Tressler,1,0,-1
s40_battle_of_the_eras,Aviv Melmed,1,3,2
s40_battle_of_the_eras,Brad Fiorenza,0,1,1
s40_battle_of_the_eras,Brandon Nelson,0,1,1
s40_battle_of_the_eras,CT Tamburello,1,2,1
s40_battle_of_the_eras,Cara Maria Sorbello,2,3,1
s40_battle_of_the_eras,Cory Wharton,3,1,-2
s40_battle_of_the_eras,Darrell Taylor,0,2,2
s40_battle_of_the_eras,Derrick Kosinski,0,2,2
s40_battle_of_the_eras,Devin Walker,2,0,-2
s40_battle_of_the_eras,Emily Schromm,1,0,-1
s40_battle_of_the_eras,Jenny West,6,4,-2
s40_battle_of_the_eras,Jodi Weatherton,0,1,1
s40_battle_of_the_eras,Johnny Bananas,2,3,1
s40_battle_of_the_eras,Jonna Mannion,1,0,-1
s40_battle_of_the_eras,Jordan Wiseley,7,3,-4
s40_battle_of_the_eras,Josh Martinez,3,1,-2
s40_battle_of_the_eras,Katie Cooley,0,1,1
s40_battle_of_the_eras,Kaycee Clark,3,1,-2
s40_battle_of_the_eras,KellyAnne Judd,0,1,1
s40_battle_of_the_eras,Kyland Young,6,1,-5
s40_battle_of_the_eras,Laurel Stucky,2,3,1
s40_battle_of_the_eras,Leroy Garrett,0,1,1
s40_battle_of_the_eras,Mark Long,0,1,1
s40_battle_of_the_eras,Michele Fitzgerald,4,1,-3
s40_battle_of_the_eras,Nehemiah Clark,1,2,1
s40_battle_of_the_eras,Nurys Mateo,0,1,1
s40_battle_of_the_eras,Olivia Kaiser,3,2,-1
s40_battle_of_the_eras,Rachel Robinson,4,3,-1
s40_battle_of_the_eras,Ryan Kehoe,1,2,1
s40_battle_of_the_eras,Theo Campbell,3,1,-2
s40_battle_of_the_eras,Tina Barta,0,2,2
s40_battle_of_the_eras,Tony Raines,0,2,2
s40_battle_of_the_eras,Tori Deal,7,3,-4
s41_vets_and_new_threats,Adrienne Naylor,0,5,5
s41_vets_and_new_threats,America Lopez,0,1,1
s41_vets_and_new_threats,Aneesa Ferreira,0,1,1
s41_vets_and_new_threats,Ashley Mitchell,0,2,2
s41_vets_and_new_threats,CT Tamburello,0,1,1
s41_vets_and_new_threats,Cedric Hodges,2,1,-1
s41_vets_and_new_threats,Gabe Wai,0,2,2
s41_vets_and_new_threats,Izzy Fairthorne,0,2,2
s41_vets_and_new_threats,Jake Cornish,1,2,1
s41_vets_and_new_threats,Jonna Mannion,0,2,2
s41_vets_and_new_threats,Leonardo Dionicio,2,4,2
s41_vets_and_new_threats,Leroy Garrett,0,1,1
s41_vets_and_new_threats,Michaela Bradshaw,4,3,-1
s41_vets_and_new_threats,Nany González,2,3,1
s41_vets_and_new_threats,Sydney Segal,4,3,-1
s41_vets_and_new_threats,Tay Wilcoxson,0,1,1
s41_vets_and_new_threats,Theo Campbell,0,7,7
s41_vets_and_new_threats,Yeremi Hykel,4,2,-2
