player,gender,seasons
Johnny Bananas,M,23
CT Tamburello,M,22
Aneesa Ferreira,F,19
Cara Maria Sorbello,F,17
Leroy Garrett,M,14
Wes Bergmann,M,14
Nany González,F,13
Derrick Kosinski,M,13
Brad Fiorenza,M,12
Veronica Portillo,F,12
Darrell Taylor,M,12
Ashley Mitchell,F,11
Tori Deal,F,10
Jordan Wiseley,M,10
Paula Meronek,F,10
Katie Cooley,F,10
Laurel Stucky,F,10
Cory Wharton,M,10
Camila Nakagawa,F,10
Robin Hibbard,F,9
Sarah Rice,F,9
Devin Walker,M,9
Nelson Thomas,M,9
Abram Boise,M,9
Zach Nichols,M,9
Jenna Compono,F,8
Kenny Santucci,M,8
Diem Brown,F,8
Tonya Cooley,F,8
Rachel Robinson,F,8
Beth Stolarczyk,F,7
Amanda Garcia,F,7
Mark Long,M,7
Shane Landrum,M,7
Kyle Christie,M,7
Theresa Jones,F,7
Jonna Mannion,F,7
Evelyn Smith,F,7
Jemmye Carroll,F,7
Tony Raines,M,7
Kailah Casillas-Bird,F,6
Adam King,M,6
Coral Smith,F,6
Josh Martinez,M,6
Danny Jamieson,M,6
Jenn Grijalva,F,6
Tyri Ballard-Brown,M,6
Tina Barta,F,6
Brandon Nelson,M,6
Dunbar Merrill,M,6
Big Easy Banks,M,6
Kaycee Clark,F,6
Ryan Kehoe,M,6
Evan Starkman,M,6
Kam Williams,F,5
Jasmine Reynaud,F,5
Mike Mizanin,M,5
Derek Chavez,M,5
Julie Stoffer,F,5
KellyAnne Judd,F,5
Syrus Yarbrough,M,5
Nehemiah Clark,M,5
Marie Roda,F,5
Big T Fazakerley,F,5
Frank Fox,M,4
Michele Fitzgerald,F,4
Faysal Shafaat,M,4
Melissa Reeves,F,4
Timmy Beggy,M,4
Ace Amerson,M,4
Nia Moore,F,4
Johanna Botta,F,4
Jodi Weatherton,F,4
Mandi Moyer,F,4
Dario Medrano,M,4
Ruthie Alcaide,F,4
Emily Schromm,F,4
Theo Campbell,M,4
Landon Lueck,M,4
Jay Starrett,M,4
Jessica McCain,F,4
Nicole Ramos,F,4
Dustin Zito,M,4
Cohutta Grindstaff,M,4
Olivia Kaiser,F,4
Theo von Kurnatowski,M,4
Turbo Çamkıran,M,4
Alton Williams,M,4
Ty Ruff,M,4
Chet Cannon,M,4
Casey Cooper,F,4
Susie Meister,F,4
Tyler Duckworth,M,4
Paulie Calafiore,M,4
Rogan O'Connor,M,4
Hunter Barfield,M,4
Melinda Collins,F,4
Trishelle Cannatella,F,4
Horacio Gutiérrez Jr.,M,3
Tori Hall,F,3
Holly Shand,F,3
Thomas Buell,M,3
Nam Vo,M,3
Ayanna Mackins,F,3
Emily Bailey,F,3
Jamie Murray,M,3
Montana McGlynn,F,3
LaToya Jackson,F,3
Preston Roberson-Charles,M,3
Aviv Melmed,F,3
Nurys Mateo,F,3
Ryan Knight,M,3
Averey Tressler,F,3
Yes Duffy,M,3
Jenny West,F,3
Kina Dean,F,3
Kayleigh Morris,F,3
Laterrian Wallace,M,3
Shauvon Torres,F,3
Natalie Negrotti,F,3
MJ Garrett,M,3
Cara Zavaleta,F,3
Sylvia Elsrode,F,3
Vinny Foti,M,3
Joss Mooney,M,3
Stephen Bear,M,3
Simone Kelly,F,3
Nicole Zanatta,F,3
Adam Larson,M,3
Amber Borzotra,F,3
Dan Renzi,M,3
Dan Setzler,M,3
Johnny Reilly,M,3
Britni Thornton,F,3
Jillian Zoboroski,F,3
Dee Nguyen,F,3
Davis Mallory,M,3
David Burns,M,3
Ibis Nieves,F,3
Jisela Delgado,F,3
Trey Weatherholtz,M,2
Nathan Blackburn,M,2
Jeremy Blossom,M,2
Cameran Eubanks,F,2
Rachel Moyal,F,2
Asaf Goren,M,2
Ashley Kelsey,F,2
Naomi Defensor,F,2
JD Ordoñez,M,2
Norman Korpi,M,2
Piggy Thomas,F,2
Janelle Casanave,F,2
Moriah Jade,F,2
Nick Brown,M,2
James Orlando,M,2
Jamie Banks,M,2
Anne Wharton,F,2
Amaya Brecher,F,2
Jon Brennan,M,2
Katelynn Cusanelli,F,2
Isaac Stout,M,2
Derek McCray,M,2
Ed Eason,M,2
Theo Gantt,M,2
Derrick Henry,M,2
Hughie Maughan,M,2
Briana LaCuesta,F,2
David Broom,M,2
Shane Raines,M,2
Dan Walsh,M,2
Da'Vonne Rogers,F,2
Michaela Bradshaw,F,2
Corey Lay,M,2
Colleen Schneider,F,2
Colie,F,2
Christina LeBlanc,F,2
Mattie Lynn Breaux,F,2
Chauncey Palmer,M,2
Zahida Allen,,2
Luke Wolfe,M,2
Brooke LaBarbera,F,2
CJ Koegel,M,2
Devyn Simone,F,2
Natalie Duran,F,2
Kyland Young,M,2
Faith Stowers,F,2
Robb Schreiber,M,2
Ravyn Rochelle,F,2
Georgia Harrison,F,2
Roni Martin,F,2
Frank Roessler,M,2
Vince Gliatta,M,2
Kimberly Alexander,F,2
Berna Canbeldek,F,2
Randy Barry,M,2
Eric Nies,M,2
Mike Lambert,M,2
Emilee Fitzpatrick,F,2
Emanuel Neagu,M,2
Elka Walker,F,2
Genesis Moss,F,2
Marlon Williams,M,1
Matt Smith,M,1
Will Gagnon,M,1
Morgan Willett,F,1
Natalie Anderson,F,1
Yeremi Hykel,M,1
Nany Gonzalez,F,1
McKenzie Coburn,F,1
Mechie Harris,M,1
Melissa Howard,F,1
Mike Johnson,M,1
Michael Ross,M,1
Michelle Parma,,1
Zach Mann,M,1
Mike Boise,M,1
Mitch Reid,M,1
Tacha Akide,F,1
Victor Arroyo,M,1
Nate Siebenmark,M,1
Theo King-Bradley,M,1
Sean Lineker,M,1
Shaleen Sutherland,,1
Teck Holmes,,1
Sharon Gitau,F,1
Shavonda Billingslea,F,1
Tay Wilcoxson,F,1
Tara McDaniel,F,1
Shawn Sealy,M,1
Sophia Pasquis,F,1
Stephen Buell,M,1
Stephen Williams,M,1
Steve Meinke,M,1
Steven Hill,M,1
Svetlana Shusterman,F,1
Swaggy C Williams,M,1
Sydney Segal,F,1
Sydney Walker,F,1
Tamara Alfaro,F,1
Sean Duffy,M,1
Sarah Greyson,F,1
Sandy Kang,F,1
Priscilla Anyabu,F,1
Nate Stodghill,M,1
Neil Forrester,,1
Tracy Candela,F,1
Nick Haggart,M,1
Nicole Bass,F,1
Noah Rickun,,1
Noor Jehangir,M,1
Pete Connolly,M,1
Priscilla Mendez,F,1
Sam McGinn,F,1
Puck Rainey,M,1
Rachel Braband,F,1
Raphy Medrano,M,1
Rebecca Lord,,1
Renan Hellemans,M,1
Rianna Polin,F,1
Tommy Sheehan,M,1
Tommy Bracco,M,1
Sam Bird,M,1
Johnnie McBride,,1
Mallory Snyder,F,1
Chanda Sneed,,1
Christian Breivik,,1
Christena Pyle,F,1
Chris Melling,M,1
Chris Graebe,M,1
Cheyenne Floyd,F,1
Chase McNary,,1
Chadwick Pelletier,M,1
Los Jackson,,1
Cedric Hodges,M,1
Carley Johnson,F,1
Candice Fowler,,1
Callum Izzard,M,1
Bruno Bettencourt,M,1
Brittini Sherrod,F,1
Christina Pazsitzky,F,1
Chuck Mowery,,1
Ciarran Stott,M,1
Colin Mortensen,M,1
Cynthia Roberts,F,1
Danny Dias,M,1
Danny Roberts,M,1
Dave Giuntoli,M,1
Dave Malinosky,M,1
David Edwards,M,1
Dee Valladares,F,1
Eddie Williams,M,1
Ellen Cho,F,1
Emily Reese,F,1
Emmy Russ,F,1
Emy Alupei,F,1
Eric Jones,M,1
Brittany Baldi,F,1
Brianna Taylor,F,1
Brianna Julig,F,1
Anika Rashaun,F,1
Adam Kuhn,M,1
Adam Royer,M,1
Adrienne Naylor,F,1
Alan Valdez,,1
Alex Smith,M,1
Alicia Wright,F,1
Amber Martinez,F,1
America Lopez,F,1
Ammo Hall,M,1
Analyse Talavera,F,1
Anastasia Miller,F,1
Angel Turlington,F,1
Angela Babicz,F,1
Angela Trimbur,F,1
Anthony Bartolotte,M,1
Brandon Tindel,M,1
Anthony Cuomo,F,1
Antoine de Bouverie,M,1
Arissa Hill,F,1
Ashley Cain,,1
Ashli Robson,F,1
Ayiiia Elizarrarás,F,1
Bayleigh Dayton,F,1
Becky Blasband,F,1
Belou Den Tex,F,1
Ben Davis,M,1
Bettina Buchanan,F,1
Blair Herter,M,1
Blue Kim,F,1
Brandon Swift,M,1
Esther Agunbiade,F,1
Esther Falana,F,1
Flora Alekseyeva,F,1
Kim Tränka,M,1
Jozea Flores,M,1
Jujuy Jiménez,F,1
Julia Nolan,F,1
Justin Hinsley,M,1
Kalle Dedolph,,1
Kameelah Phillips,,1
Karamo Brown,M,1
Kat Ogden,,1
Kaz Crossley,F,1
Kefla Hare,,1
Kelley Limp,F,1
Kelz Dyke,M,1
Kendal Sheppard,F,1
Kenny Clark,M,1
Lacey Buehler,F,1
Joseph Allen,M,1
Larissa Nakagawa,F,1
Laura Waller,F,1
Lauren Coogan,F,1
Leah Gillingwater,F,1
Leka Sodade,F,1
Leonardo Dionicio,M,1
Lindsay Brien,F,1
Linette Gallo,,1
Lio Rush,M,1
Liv Jawando,F,1
Liz Nolan,F,1
Logan Sampedro,M,1
Lolo Jones,F,1
Lori Trespicio,F,1
Josh Florence,M,1
Johnny Middlebrooks,M,1
Frank Sweeney,M,1
Jacquese Smith,M,1
Gabby Allen,F,1
Gabe Wai,M,1
Gabo Szabó,M,1
Gladys Sanabria,F,1
Gus Smyrnios,M,1
Hailey Chivers,F,1
Heather Cooke,F,1
Heather Gardner,,1
Heather Marter,,1
Holly Brentson,F,1
Idris Virgo,M,1
Irulan Wilson,F,1
Izzy Fairthorne,F,1
JP Andrade,,1
Jake Bronstein,M,1
John Jacobs,M,1
Jake Cornish,M,1
Jakk Maddox,M,1
James Lock,M,1
Jamie Chung,,1
Janet Choi,,1
Jason Cornwell,,1
Jay Mitchell,M,1
Jeff Barr,M,1
Jenn Lee,F,1
Jeremiah White,M,1
Jesse Stark,,1
Jessica Brody,F,1
Jill Tuttle,M,1
Jo Rhodes,,1
Zara Zoffany,F,1
